SEGPAR,ADDRESS
37385002,2 Wagoora Yalboroo Road Pindi Pindi QLD
37384025,229 Rise & Shine Road Pindi Pindi QLD
37384014,229 Rise & Shine Road Pindi Pindi QLD
37384062,5885 Bruce Highway Pindi Pindi QLD
37385008,2 Wagoora Yalboroo Road Pindi Pindi QLD
37385051,Russells Road Pindi Pindi QLD
33728020,250 Pindi Pindi Blackrock Creek Road Pindi Pindi QLD
33728016,Old Bowen Road Pindi Pindi QLD
33728057,260 Pindi Pindi Blackrock Creek Road Pindi Pindi QLD
37384005,86 Rise & Shine Road Pindi Pindi QLD
37384002,37 Halls Road Pindi Pindi QLD
37385056,10 Russells Road Pindi Pindi QLD
37385019,37 Foxs Road Pindi Pindi QLD
37385003,203 Wintons Road Pindi Pindi QLD
37385006,28 Mcdonalds Road Pindi Pindi QLD
61756029,#N/A
33728014,Old Bowen Road Pindi Pindi QLD
37384022,229 Rise & Shine Road Pindi Pindi QLD
37384065,Rise & Shine Road Pindi Pindi QLD
37384035,86 Rise & Shine Road Pindi Pindi QLD
37385012,5 Foxs Road Pindi Pindi QLD
37385026,Russells Road Pindi Pindi QLD
61756037,Pindi Pindi Blackrock Creek Road Pindi Pindi QLD
61756018,Old Bowen Road Pindi Pindi QLD
61756007,18 Pindi Pindi Blackrock Creek Road Pindi Pindi QLD
33728119,Adams Road Pindi Pindi QLD
37384069,Rise & Shine Road Yalboroo QLD
37384036,Bruce Highway Pindi Pindi QLD
37384011,50 Rise & Shine Road Pindi Pindi QLD
37384006,229 Rise & Shine Road Pindi Pindi QLD
37384057,5913 Bruce Highway Pindi Pindi QLD
37385015,Wintons Road Pindi Pindi QLD
37385044,#N/A
37384041,Old Pindi Bog Road Pindi Pindi QLD
37385049,Foxs Road Pindi Pindi QLD
37384047,81 Old Pindi Bog Road Pindi Pindi QLD
61756041,Pindi Pindi Blackrock Creek Road Pindi Pindi QLD
61756019,647 Old Bowen Road Pindi Pindi QLD
61756025,Old Bowen Road Pindi Pindi QLD
61756016,Pindi Pindi Blackrock Creek Road Pindi Pindi QLD
61756005,102 Pindi Pindi Blackrock Creek Road Pindi Pindi QLD
61756015,Old Bowen Road Pindi Pindi QLD
37384027,Wintons Road Pindi Pindi QLD
37384008,50 Rise & Shine Road Pindi Pindi QLD
37384055,Bruce Highway Pindi Pindi QLD
37385053,Pindi Pindi Blackrock Creek Road Pindi Pindi QLD
37391049,Mentmore Road Pindi Pindi QLD
37384042,Old Pindi Bog Road Pindi Pindi QLD
37385050,Foxs Road Pindi Pindi QLD
61756033,Russells Road Pindi Pindi QLD
61756012,126 Pindi Pindi Blackrock Creek Road Pindi Pindi QLD
61643015,332 Rise & Shine Road Pindi Pindi QLD
37384075,Bruce Highway Pindi Pindi QLD
37385013,203 Wintons Road Pindi Pindi QLD
37384048,55 Old Pindi Bog Road Pindi Pindi QLD
37385037,203 Wintons Road Pindi Pindi QLD
37384054,5923 Bruce Highway Pindi Pindi QLD
61756042,178 Reedmans Road Pindi Pindi QLD
61756003,4 Pindi Pindi Blackrock Creek Road Pindi Pindi QLD
61756014,649 Old Bowen Road Pindi Pindi QLD
61756013,Old Bowen Road Pindi Pindi QLD
61643014,332 Rise & Shine Road Pindi Pindi QLD
37384076,Pindi Pindi Blackrock Creek Road Pindi Pindi QLD
37384007,Rise & Shine Road Pindi Pindi QLD
37384056,Bruce Highway Pindi Pindi QLD
37384064,6294 Bruce Highway Pindi Pindi QLD
37385055,13 Russells Road Pindi Pindi QLD
37385005,28 Mcdonalds Road Pindi Pindi QLD
37384049,Bruce Highway Pindi Pindi QLD
37385022,2 Wagoora Yalboroo Road Pindi Pindi QLD
37385045,Russells Road Pindi Pindi QLD
61756028,#N/A
37384004,Rise & Shine Road Pindi Pindi QLD
37391041,Mentmore Road Pindi Pindi QLD
37384050,32 Old Pindi Bog Road Pindi Pindi QLD
37384046,84 Old Pindi Bog Road Pindi Pindi QLD
37385052,23 Russells Road Pindi Pindi QLD
37384044,Old Pindi Bog Road Pindi Pindi QLD
61756020,Old Bowen Road Pindi Pindi QLD
61756017,Pindi Pindi Blackrock Creek Road Pindi Pindi QLD
61756043,131 Pindi Pindi Blackrock Creek Road Pindi Pindi QLD
61756044,779 Old Bowen Road Pindi Pindi QLD
61756045,Pindi Pindi Blackrock Creek Road Pindi Pindi QLD
33728050,6 Mentmore Road Pindi Pindi QLD
